<?xml version="1.0" encoding="UTF-8" standalone="yes"?>
<addon id="repository.moviesonthe.run" name="Movies On The Run (MOTR) Repository" version="1.0.0" provider-name="Lars Werner">
    <extension point="xbmc.addon.repository" name="Movies On The Run (MOTR) Repository">
        <info compressed="false">http://motr.pw/kodi/addons.xml</info>
        <checksum>http://motr.pw/kodi/addons.xml.md5</checksum>
        <datadir zip="true">http://motr.pw/kodi</datadir>
    </extension>
    <extension point="xbmc.addon.metadata">
        <summary>Movies On The Run (MOTR) Repository extension</summary>
        <description>Movies On The Run (MOTR) repository for the client in use for Kodi</description>
        <disclaimer>I am not responsible for any damage this repository can do to your Kodi!</disclaimer>
        <news>Use this repository to download the MOTR application to your Kodi</news>
        <platform>all</platform>
        <language></language>
        <license></license>
        <forum></forum>
        <website>moviesonthe.run</website>
        <source></source>
        <email>lars@werner.no</email>
		<assets>
			<icon>icon.png</icon>
		</assets>		
    </extension>
</addon>
